이름,주소,전화번호,날짜,하고 싶은 말
노은영,전라북도 천안시 동남구 백제고분0로,061-548-1372,2009-08-20,ad
김준호,대전광역시 양천구 가락9길,064-769-2317,1970-07-02,error
최수빈,서울특별시 구로구 삼성45거리,019-677-7608,1973-09-04,quos
박정희,울산광역시 구로구 언주길,061-306-3758,1971-04-02,eligendi
송은영,대전광역시 용산구 잠실95가 (유진김동),055-365-0135,1976-07-09,ipsam
류지현,대전광역시 종로구 강남대거리,063-266-3451,2009-04-22,porro
김정남,경상북도 단양군 잠실길 (유진김이읍),041-412-0367,1972-10-25,fuga
박서영,대전광역시 성북구 학동로 (정희이동),062-367-5486,2020-05-25,nam
서정식,충청북도 하남시 학동거리 (정자황면),044-364-1391,2010-04-22,optio
배정숙,세종특별자치시 도봉구 백제고분9길,055-151-1850,2013-05-23,modi
우성진,충청북도 안산시 상록구 언주238가 (예은류임리),055-731-2394,2001-03-09,placeat
류숙자,제주특별자치도 성남시 양재천로,053-443-9844,2005-10-06,ipsam
홍민준,제주특별자치도 청주시 청원구 강남대가 (미숙고리),064-763-6308,1985-07-04,doloremque
노정숙,경상남도 양주시 봉은사4거리 (은정김노리),017-135-6526,2012-08-05,alias
이영순,광주광역시 동작구 학동로 (주원이김동),017-667-6738,1995-10-05,nisi
유상호,대구광역시 성북구 선릉299거리,033-122-0398,2007-05-21,consequuntur
김영수,전라남도 광주시 잠실754가,032-833-8845,2008-12-22,error
노정식,경상남도 용인시 처인구 선릉거리,032-582-4238,1997-07-20,quidem
박예진,강원도 홍천군 서초대로 (민지노노면),070-1621-4906,2018-02-16,blanditiis
박옥순,광주광역시 강동구 강남대로 (현정김동),042-421-4740,1991-08-09,quae
이상현,제주특별자치도 진천군 학동거리 (재현김박읍),044-001-4068,2020-01-29,distinctio
김정희,제주특별자치도 부천시 소사구 학동로,064-740-5329,2008-05-05,autem
박정남,전라남도 단양군 잠실길,062-645-6192,2007-12-30,illo
이진호,충청남도 구리시 도산대214로 (도현김읍),062-289-5442,2019-03-31,minus
이성현,대전광역시 북구 가락로,011-081-9200,2019-05-23,aliquam
김지영,강원도 계룡시 역삼가,016-620-8445,1990-10-13,libero
최현우,대전광역시 강서구 영동대86로,070-5784-2757,1970-08-25,rem
이영순,경기도 괴산군 가락가 (현지김김리),010-4926-8546,2000-11-03,iure
한옥순,서울특별시 광진구 테헤란로,054-263-9607,1985-09-12,error
권영숙,제주특별자치도 성남시 영동대160길,054-833-2743,1993-11-18,sunt
한은서,전라북도 동두천시 영동대로,016-028-4624,1994-11-26,tempore
김은서,경기도 양구군 도산대347가 (영숙박박면),070-7903-4461,1994-11-10,magnam
이수진,충청북도 제천시 양재천5로,032-798-6711,2018-03-02,voluptatibus
우영일,대구광역시 성동구 개포60로 (현주이동),053-590-1187,1997-05-19,ratione
이옥순,경상북도 양주시 압구정430로 (영식차동),02-4226-5753,2015-07-31,similique
류정식,충청북도 남양주시 서초중앙가,010-2691-0318,1992-02-27,accusamus
김예지,서울특별시 관악구 봉은사05길,061-144-1367,2017-09-08,necessitatibus
김정웅,서울특별시 영등포구 논현가,052-698-7522,2018-02-08,non
이현주,강원도 평택시 반포대거리 (영일박이동),043-356-6268,1990-04-17,modi
이정수,경상남도 공주시 삼성30가 (채원이이읍),061-796-2746,2018-04-22,dolorem
강영희,울산광역시 강동구 서초대길 (지연이리),061-371-3268,2008-03-07,maxime
진지후,대구광역시 은평구 논현거리,055-125-8098,2004-06-25,nesciunt
심은정,부산광역시 남구 석촌호수0로 (예지윤이마을),064-721-0145,1976-02-23,a
서영호,전라북도 안성시 논현775길 (영환박이면),070-6328-3889,2017-02-02,ex
이영진,부산광역시 금천구 반포대7길 (정훈오리),031-629-7345,1991-09-27,repudiandae
백영자,강원도 서천군 압구정로 (은정서동),017-140-4938,2013-06-19,culpa
김정희,경기도 태안군 영동대가 (승민백김면),063-702-3120,1993-02-26,fugiat
최은지,충청남도 괴산군 삼성로,054-321-2994,2004-05-12,neque
장재현,인천광역시 종로구 서초대14길 (상호권읍),031-492-3773,1987-02-26,autem
고민준,부산광역시 북구 가락가,062-258-6526,1980-10-18,inventore
이동현,서울특별시 서구 강남대길,011-794-1238,2003-05-30,id
이승민,충청북도 음성군 선릉4길 (수민이동),054-891-6105,1970-06-03,saepe
윤성호,경상남도 연천군 역삼로 (은서김이읍),010-0888-2852,2010-08-30,ex
한민서,경상북도 성남시 역삼434길,016-745-0769,1973-08-13,architecto
신정자,인천광역시 중랑구 강남대로 (서윤강조면),062-271-1374,1979-01-13,nihil
이아름,경기도 가평군 반포대21로 (성훈송배면),043-711-1827,1999-11-28,quis
한성민,경상남도 안산시 단원구 봉은사로 (영숙김마을),016-552-0382,1976-02-23,placeat
박중수,인천광역시 중구 도산대230길,043-524-6060,1980-09-19,fugiat
고예은,인천광역시 송파구 삼성77거리,031-553-0064,1996-04-22,fugiat
김진호,대전광역시 중구 봉은사가,052-035-4694,2014-07-01,veritatis
김종수,전라남도 강릉시 반포대5길 (현숙김권리),051-293-3073,1986-03-19,saepe
윤민석,세종특별자치시 동구 반포대40거리 (재현박읍),032-511-5739,2011-06-22,incidunt
김영식,충청남도 삼척시 양재천로,02-3610-9778,1987-08-07,porro
최정남,세종특별자치시 송파구 영동대7거리 (민서고읍),043-404-0286,1985-03-18,minima
류정자,경상북도 당진시 학동가,043-179-5046,2002-01-28,quas
박경자,전라남도 괴산군 반포대로,019-498-4567,2001-01-28,veniam
문숙자,서울특별시 동대문구 서초중앙로 (준영김송리),064-706-8307,1999-06-05,eos
이성호,대전광역시 남구 역삼945가,061-103-7865,1994-05-02,officia
박미경,대구광역시 중랑구 백제고분가,016-583-1596,1987-05-31,aspernatur
박수진,대구광역시 성동구 선릉가,062-724-3983,1994-08-02,voluptates
김정웅,전라북도 화천군 영동대거리,019-714-3755,1987-03-23,blanditiis
우예진,제주특별자치도 동해시 선릉거리 (미정손마을),02-8715-1800,2017-03-22,eligendi
이승민,광주광역시 동구 역삼696거리,052-683-9784,1976-06-11,suscipit
장영일,부산광역시 영등포구 논현722길 (순자박읍),041-838-4406,1992-12-27,ipsam
박선영,전라북도 단양군 석촌호수68거리,051-059-6702,1991-06-10,accusamus
강영진,제주특별자치도 음성군 테헤란길,043-962-7227,2000-03-01,nisi
이건우,광주광역시 서대문구 양재천가,018-504-1144,2020-09-17,harum
박유진,경상북도 공주시 도산대066길 (현지강김면),042-727-0190,1972-09-26,enim
이종수,경기도 진천군 오금가,02-2426-8385,1995-08-01,aspernatur
박지후,강원도 양양군 강남대로 (은경이동),052-514-6664,1990-02-26,cumque
주아름,인천광역시 송파구 압구정2가,016-489-8153,1974-05-29,voluptate
박유진,전라북도 안산시 상록구 가락245로 (혜진김최읍),010-8263-1973,2008-03-11,deserunt
나건우,서울특별시 광진구 강남대로 (현지박마을),063-160-7175,1992-01-18,fugit
김은주,서울특별시 강남구 도산대거리,061-510-2024,2011-12-20,cumque
박준영,울산광역시 북구 강남대가 (정웅박노동),033-028-7876,2017-01-23,vero
양영미,충청남도 부천시 오정구 개포134거리 (영철김리),043-171-9925,1982-10-26,laboriosam
황경수,대전광역시 서구 개포가,019-624-1752,1991-09-03,blanditiis
류영식,대전광역시 중구 서초중앙34로,018-256-8143,1993-10-15,quo
류춘자,울산광역시 구로구 양재천76길 (경자구동),052-899-6551,2016-05-18,tenetur
김서윤,강원도 파주시 반포대699로,043-310-8743,1998-08-08,totam
김재현,인천광역시 구로구 도산대0가,031-066-7430,2012-11-09,temporibus
강선영,전라북도 고성군 가락로,053-391-8748,1971-12-03,ullam
김경숙,대구광역시 중구 백제고분가 (현지안김동),010-3627-9221,1999-09-02,iusto
이성호,대구광역시 서구 서초대거리 (예은백리),053-828-8088,2020-03-05,amet
이종수,충청남도 화성시 선릉길 (미정권서마을),051-033-4552,1991-08-14,ipsa
김현숙,경기도 광명시 서초중앙로,019-073-0013,2003-10-06,unde
박미정,경기도 철원군 언주로 (순자김마을),055-786-2789,2003-01-10,quod
김상호,울산광역시 광진구 개포968로 (지훈이박동),033-726-5187,2000-10-17,expedita
김승현,경상북도 양구군 영동대거리,017-884-7510,2015-01-18,id
김상철,대구광역시 구로구 가락524길,011-243-3908,2020-07-18,quis
